record_time_perf,tap_number,frame_age_ms,t_read_total_ms,t_frameacq_ms,t_getts_ms,t_frameconv_ms,detect_time_ms
11313.538923158,1,0.16439,0.532528,0.290502,0.007415,0.230422,7.065739
11313.987327548,2,0.255553,1.697704,1.427613,0.00492,0.261344,3.374077
11314.414943849,3,2.143577,1.80514,1.564307,0.006784,0.230111,3.55095
11314.808993401,4,1.241199,1.616151,1.380188,0.006543,0.225272,3.593746
11315.186046612,5,1.952726,1.699989,1.535289,0.00536,0.156003,4.086904
11315.528677206,6,1.602573,1.352461,1.186088,0.003777,0.159099,3.467653
11315.872173008,7,0.579562,1.704207,1.563074,0.004579,0.133628,4.640133
11316.172781461,8,0.941668,1.775971,1.594957,0.003517,0.174671,3.304615
11316.469942562,9,1.776021,1.468745,1.299916,0.004599,0.161464,3.933796
11316.817657743,10,0.302386,1.958396,1.685409,0.00505,0.264501,3.715269
11317.1985921,11,1.939609,1.569948,1.422792,0.005522,0.138898,3.485517
11317.627719185,12,1.469645,1.81587,1.637092,0.005671,0.16952,3.69656
11318.166713479,13,0.247826,1.709187,1.395768,0.006042,0.302577,3.567281
11318.585037668,14,1.228553,1.889857,1.654095,0.004059,0.229139,3.354744
11318.972421125,15,0.711806,1.861892,1.619255,0.004409,0.234199,3.749946
11319.371458694,16,1.205416,1.712492,1.539305,0.006603,0.161855,3.588382
11320.055482125,17,1.865748,1.061017,0.880805,0.008587,0.168308,3.776348
11320.153538317,18,1.015005,1.716329,1.462251,0.005451,0.245001,3.439013
11320.551075273,19,1.037178,1.778223,1.526529,0.003687,0.245332,4.065546
11321.082664185,20,0.921427,1.721089,1.514925,0.006012,0.194059,3.413138
11321.563345457,21,0.308799,1.754075,1.520477,0.006113,0.223598,3.873541
11322.047534117,22,1.549756,1.325596,1.093862,0.006412,0.220532,3.90807
11322.516718202,23,1.814956,1.708433,1.4627,0.003267,0.236253,3.465784
11322.970613722,24,1.654474,1.647981,1.443461,0.005231,0.195912,3.406445
11323.40874203,25,0.216444,2.004745,1.690696,0.006363,0.302135,3.810544
11323.443176386,26,0.750052,1.854586,1.494494,0.004358,0.351805,3.490351
11323.818640254,27,0.456966,1.867271,1.641669,0.003867,0.218488,3.436012
11324.256044625,28,0.516144,1.8972,1.6426,0.004059,0.246343,3.850131
11324.264705541,29,1.285093,1.923122,1.599735,0.005801,0.31477,3.850401
11324.673958471,30,0.700172,1.767601,1.511106,0.00487,0.247095,3.662495
11325.137404643,31,2.021058,1.50289,1.276928,0.006243,0.215822,3.918608
11325.746175729,32,0.568418,1.373661,1.090263,0.007345,0.26475,3.515903
11326.324270105,33,0.421123,1.719614,1.415886,0.005751,0.293257,3.550029
11327.23669292,34,0.815021,1.73805,1.502368,0.003888,0.228708,3.63106
11327.667863805,35,0.55407,1.934874,1.649743,0.004048,0.277175,3.749257
11327.675089062,36,0.583568,1.510175,1.317048,0.003968,0.185651,3.368314
11328.232150503,37,1.786236,1.472027,1.29888,0.007485,0.161363,3.655678
11328.619706123,38,0.271424,1.967388,1.655134,0.004869,0.302115,3.62126
11329.041983988,39,0.855132,1.622969,1.407669,0.008517,0.200531,3.649166
11329.428305498,40,1.796836,1.741276,1.536867,0.004008,0.196122,3.692983
11329.793397152,41,0.834049,1.213319,1.027537,0.003097,0.179609,3.356219
11330.145230946,42,1.710044,1.650244,1.484352,0.005661,0.156764,3.266859
11330.463507639,43,1.255844,1.679201,1.478058,0.004679,0.190472,3.293783
11330.800773026,44,0.33431,1.67381,1.447126,0.003537,0.220051,3.491829
11334.144918156,45,1.445733,1.716364,1.56394,0.00507,0.144218,3.560063
11334.467169287,46,0.796192,1.022737,0.886815,0.003086,0.12984,4.013339
11334.799466772,47,0.865702,1.598639,1.443387,0.004038,0.148227,4.262978
11335.208328015,48,0.266022,0.790622,0.61484,0.003537,0.167926,3.403299
11335.572022043,49,2.153428,1.540211,1.38491,0.004349,0.147515,4.622698
11335.650800464,50,2.003398,1.825031,1.600311,0.003648,0.218136,3.333408
11335.882849324,51,0.987846,1.572126,1.391404,0.003837,0.174159,3.538818
11336.239643925,52,0.257785,1.835662,1.583588,0.006162,0.242004,4.149451
11336.568895539,53,0.14986,1.3,1.125601,0.005852,0.163688,3.503558
11336.658809588,54,0.334139,1.738217,1.581144,0.003857,0.150361,3.582987
11336.990804359,55,0.292565,2.051663,1.735441,0.008347,0.302766,3.376845
11337.445441199,56,0.51522,1.651674,1.516132,0.003637,0.129068,3.678868
11337.48112697,57,0.225662,1.849489,1.594519,0.00484,0.246202,3.495561
11337.914899604,58,0.15526,2.057966,1.798728,0.00494,0.250661,4.041343
11338.334204925,59,0.657625,1.817425,1.592925,0.003257,0.218336,3.255171
11338.734133623,60,1.438367,1.556091,1.246934,0.005852,0.296773,3.435511
11339.109881584,61,1.469368,1.596222,1.347955,0.003708,0.241042,3.358416
11339.504926087,62,0.987584,1.980159,1.632764,0.008938,0.331493,3.518315
11339.900621432,63,1.246252,1.832114,1.578967,0.003397,0.243928,4.28565
11340.288569347,64,0.752976,1.975479,1.576201,0.006353,0.388105,3.324957
11340.69030482,65,1.689949,1.733777,1.532805,0.004619,0.192645,3.635709
11341.07453791,66,0.729529,1.700319,1.45512,0.00542,0.235992,3.300669
11341.47732203,67,0.543637,1.624467,1.332183,0.005691,0.282916,3.536821
11341.834254578,68,0.611773,1.897663,1.667123,0.004689,0.222415,3.659686
11342.244870709,69,0.751211,1.826872,1.540409,0.004018,0.276953,3.887572
11342.649337053,70,0.546783,2.052222,1.667313,0.01005,0.37035,3.860036
11347.80333864,71,0.591491,1.377632,1.197722,0.006333,0.168126,3.766044
11349.698677209,72,1.507742,1.303564,1.145508,0.00486,0.1503,3.542215
11349.715132446,73,0.474648,1.781559,1.552702,0.008917,0.213487,3.853428
11351.542413694,74,2.034192,1.653772,1.484053,0.004309,0.161983,3.409208
11356.109086016,75,0.229769,1.882167,1.646487,0.004028,0.228546,3.733832
11356.122128841,76,1.240435,1.814722,1.614723,0.007435,0.187775,4.315294
11356.194107636,77,0.817252,1.942968,1.546788,0.008968,0.379076,3.942971
11356.206328289,78,1.762208,1.559133,1.376498,0.007084,0.170701,3.970866
11356.453277125,79,1.243492,1.241618,1.100517,0.003877,0.134479,3.501539
11356.464850474,80,0.711951,2.017056,1.544151,0.00983,0.455559,3.639334
11356.573192729,81,0.161242,1.732889,1.54797,0.009389,0.17046,4.211525
11356.617978706,82,0.273505,1.297891,1.139514,0.004589,0.149739,3.207041
11356.891917009,83,0.629787,1.852117,1.592799,0.004859,0.25036,3.68799
11356.900070793,84,0.986028,1.671546,1.485755,0.004529,0.178466,3.986938
11356.91626761,85,0.248707,2.030192,1.717027,0.00988,0.298195,3.615937
11356.963808725,86,0.33588,2.032287,1.706215,0.00479,0.318596,3.36738
11356.975311674,87,1.995192,1.778049,1.502298,0.005972,0.265861,3.713963
11356.99881352,88,0.900577,1.881325,1.515825,0.005662,0.35563,3.465757
11357.026910067,89,2.258378,1.666716,1.438181,0.005661,0.219859,3.628051
11359.391334345,90,0.74159,1.627658,1.475725,0.005611,0.142504,3.476736
11359.409292005,91,1.519963,2.0204,1.58913,0.012374,0.409818,5.003093
11360.627592588,92,0.480469,1.616806,1.46376,0.004699,0.145571,3.516637
11364.640243766,93,1.199702,2.147562,1.765851,0.010912,0.363635,4.015067
11364.707815304,94,0.69204,1.574149,1.40907,0.005631,0.15561,3.561542
11366.550817554,95,0.639665,1.719198,1.405562,0.005541,0.300559,3.361281
11372.325557001,96,0.815805,1.94216,1.674898,0.006543,0.257573,3.801655
11372.749691498,97,0.23613,1.778133,1.532724,0.007024,0.234717,4.917579
11373.171830088,98,0.17572,1.880928,1.559126,0.005882,0.313264,3.495505
11373.582692663,99,0.430157,1.875587,1.623766,0.003246,0.243696,3.887555
11373.979391162,100,1.799455,1.820177,1.612071,0.003718,0.199898,4.243894
11374.370068111,101,0.222994,1.676009,1.495198,0.005321,0.171251,3.446626
11374.770157693,102,0.916565,1.628104,1.469888,0.003236,0.150721,4.10139
11375.139303553,103,0.437311,1.83711,1.585909,0.00487,0.241811,3.454832
11375.497360721,104,1.330259,1.547893,1.406602,0.004549,0.134057,3.899157
11376.479883982,105,2.024712,1.463905,1.30533,0.005361,0.149738,4.853406
11376.882355282,106,1.022987,1.650337,1.283737,0.004399,0.357883,3.493989
11377.249966604,107,0.29156,1.968891,1.674124,0.01504,0.275679,3.472775
11377.625189107,108,1.66729,1.573524,1.330399,0.013788,0.225309,3.596792
11378.030348048,109,0.153356,1.879693,1.64713,0.004088,0.224938,3.727162
11378.466673554,110,1.083457,1.669023,1.408735,0.006533,0.249737,4.03226
11378.854741719,111,0.960453,1.342864,1.199239,0.003858,0.137002,3.283067
11379.251819656,112,0.517039,1.852038,1.624574,0.002956,0.222022,3.577232
11379.745984045,113,0.429345,2.028709,1.718492,0.00518,0.301391,3.612052
11380.070365117,114,0.685745,1.267053,1.121283,0.004208,0.138376,3.536151
11380.353253776,115,1.090662,2.21556,1.891164,0.015511,0.303645,3.325681
11380.667780783,116,0.599994,1.70281,1.39135,0.004038,0.303835,3.633384
11381.022256482,117,0.434064,1.910813,1.628352,0.006383,0.270648,3.424818
11381.405069128,118,1.503252,1.904952,1.651758,0.00509,0.244958,3.599215
11387.411355136,119,1.295667,1.686074,1.458582,0.003296,0.221481,5.065488
11387.442271574,120,1.37727,1.616866,1.367921,0.007865,0.23123,3.4328
11387.47827538,121,1.04603,1.414244,1.259295,0.004619,0.147033,3.546746
11387.871019009,122,2.117152,1.376519,1.143665,0.00505,0.224758,4.004557
11387.883654878,123,1.582849,1.949979,1.672397,0.009639,0.261219,3.783157
11410.836681463,124,1.392474,1.943919,1.573373,0.005311,0.35779,3.457413
11411.237981133,125,0.308763,2.043747,1.749903,0.006453,0.284084,3.352253
11411.583264966,126,1.356182,1.828219,1.591329,0.003788,0.229585,4.269072
11411.936420122,127,1.864782,1.29983,1.138009,0.003577,0.154858,3.816083
11412.277760516,128,1.455949,1.77863,1.535557,0.004319,0.235988,4.072321
11412.557489207,129,1.335791,1.64287,1.445558,0.003417,0.187713,3.434275
11412.857205824,130,1.414918,1.843859,1.585777,0.004348,0.248033,3.44678
11414.015449801,131,0.722894,1.894439,1.53733,0.004689,0.34746,4.032772
11414.436614513,132,0.633086,1.782727,1.526779,0.003106,0.248813,3.742446
11414.842388509,133,0.235958,1.603882,1.380479,0.00524,0.209766,3.449083
11415.256385351,134,1.797997,1.889128,1.620034,0.004159,0.260015,3.645642
11415.663264353,135,0.376557,1.872535,1.600375,0.004048,0.265206,3.474343
11416.063683148,136,1.727557,1.713049,1.474034,0.003608,0.232621,3.87602
11416.434155869,137,0.189927,1.453443,1.317223,0.003307,0.130128,3.909405
11416.815764974,138,1.085523,2.01126,1.701505,0.006503,0.299354,4.447263
11417.169786289,139,1.495065,1.046617,0.883383,0.00505,0.154687,3.515664
11417.534686377,140,0.449612,1.844941,1.665624,0.005261,0.169075,3.201601
11417.897700083,141,0.711101,1.390899,1.216162,0.006312,0.165028,3.368092
11418.264060035,142,1.815551,1.44212,1.29096,0.004189,0.143354,4.223256
11418.710883892,143,0.583297,1.165491,1.002358,0.005932,0.153535,3.372279
11419.117678003,144,0.678516,2.012591,1.664852,0.003757,0.338452,3.879725
11419.525555875,145,0.607885,1.917763,1.656384,0.00482,0.25225,3.472827
11419.951901164,146,1.507791,1.581737,1.372342,0.004238,0.201199,3.455693
11420.357719184,147,0.379853,1.788397,1.559272,0.004509,0.221669,4.068177
11420.779765107,148,1.355408,1.127676,0.982959,0.003928,0.137362,3.442847
11421.192455325,149,1.345818,1.930237,1.726132,0.009328,0.187662,3.858902
11421.594894697,150,1.461848,1.687697,1.534953,0.003107,0.146951,3.769985
11425.299481958,151,0.659998,1.59916,1.369093,0.003888,0.223213,3.379238
11462.993508174,152,0.898946,1.817851,1.425235,0.006253,0.383487,3.235171
11466.168231326,153,0.320734,1.93461,1.677684,0.003647,0.24839,3.631292
11466.753933972,154,1.547316,1.82354,1.648355,0.006162,0.165317,4.271776
11467.277257619,155,0.654883,1.769394,1.524971,0.006673,0.234022,3.643193
11469.495853384,156,1.822659,1.73728,1.566272,0.00513,0.162892,3.910068
11470.253525807,157,0.38506,2.012512,1.723141,0.010571,0.270975,3.468757
11470.830296814,158,0.665203,2.296864,1.817578,0.008778,0.462032,3.402627
11472.897600995,159,1.856625,1.490091,1.268183,0.003237,0.215906,3.431993
11484.399941728,160,1.666405,1.72958,1.534445,0.00468,0.183762,3.698892
11484.852966576,161,2.519096,1.903543,1.657929,0.004809,0.237108,3.538106
11485.325800881,162,1.825859,1.821691,1.642889,0.003156,0.171188,3.923526
11485.766456087,163,1.533673,1.452353,1.193613,0.005541,0.248129,3.902163
11486.169788851,164,0.368467,1.86656,1.637919,0.002966,0.222749,4.015225
11486.630289953,165,1.41537,1.411392,1.173964,0.004199,0.228901,3.59707
11487.047209455,166,0.472822,1.899615,1.553012,0.007575,0.334509,3.448819
11487.837350149,167,0.332856,1.761112,1.546879,0.003858,0.202839,3.959274
11488.274116181,168,0.844534,1.696013,1.513594,0.003536,0.174144,3.290335
11488.639643359,169,1.718337,1.610073,1.453535,0.004739,0.148623,3.448707
11488.976450881,170,0.765359,1.955014,1.600986,0.012334,0.336213,3.212822
11489.304741751,171,1.756021,1.757694,1.482862,0.009208,0.261676,4.341456
11489.606016477,172,0.650322,1.737323,1.600515,0.003176,0.130828,3.565096
11489.900605528,173,1.235435,1.639751,1.445398,0.02531,0.164855,3.4708
11490.202288198,174,1.477913,1.691184,1.524034,0.00516,0.158342,3.606378
11490.543984302,175,1.355331,1.467351,1.288419,0.007003,0.167621,3.808886
11491.224204219,176,0.778244,1.657667,1.492381,0.004178,0.156268,3.479837
11491.747036849,177,0.528692,2.023367,1.70994,0.007244,0.301054,3.533523
11492.250620475,178,0.353046,1.943519,1.671053,0.004609,0.264862,3.592438
11492.681909277,179,0.432612,1.706643,1.472361,0.004189,0.226155,3.57778
11493.167303766,180,1.053917,1.716883,1.459125,0.006202,0.247648,3.670412
11493.811898035,181,0.759286,1.677966,1.499494,0.006403,0.16737,3.663127
11494.307478798,182,2.06079,1.71562,1.554052,0.002896,0.155005,3.839584
11494.750959988,183,0.709527,1.933058,1.664619,0.007395,0.255353,3.848391
11495.167662394,184,0.478853,1.759467,1.617907,0.003327,0.135547,5.000481
11495.595515583,185,0.441269,1.566696,1.421089,0.003577,0.138853,3.54354
11496.008582108,186,1.426029,1.613348,1.442501,0.005411,0.161117,3.468132
11496.393337604,187,0.40086,1.327615,1.164113,0.004268,0.155938,3.686772
11496.781053489,188,0.988557,1.628749,1.40624,0.006082,0.212899,3.466208
11497.458649191,189,0.586105,1.721,1.481638,0.00489,0.230504,4.04119
11497.824361415,190,0.515425,1.687774,1.429846,0.005471,0.248449,3.538329
11498.285040668,191,0.822701,1.673746,1.528961,0.004268,0.13669,4.149031
11500.137204387,192,0.205234,1.797289,1.509172,0.003978,0.277065,3.97608
11500.609018977,193,1.065569,1.845103,1.569701,0.006433,0.263919,3.624696
11501.139459275,194,0.450747,2.241714,1.728623,0.019037,0.486719,3.876644
11501.61980757,195,0.99529,1.353726,1.18817,0.004138,0.157821,3.350126
11502.101598155,196,1.501596,1.569971,1.412852,0.003937,0.149344,3.792116
11502.605032698,197,1.160816,2.094754,1.819191,0.003517,0.269471,3.485491
11503.10924066,198,0.291805,1.859771,1.604189,0.006031,0.24343,5.0235
11505.10250058,199,0.719075,1.842036,1.607774,0.004058,0.227658,3.89165
11505.111656713,200,0.961403,1.69672,1.381049,0.00481,0.302956,4.87716
11505.124758443,201,2.029335,1.643706,1.42239,0.006493,0.209973,3.809709
11505.845218322,202,0.662333,1.870211,1.644417,0.003998,0.2186,4.37023
11506.321104669,203,0.47259,1.909408,1.686459,0.002785,0.217348,3.417315
11506.697991658,204,0.771368,1.764673,1.6161,0.003868,0.141088,4.163895
11507.073169614,205,0.39661,1.784041,1.644677,0.004048,0.132461,3.83599
11507.105427821,206,0.32511,1.952151,1.66697,0.004328,0.275743,3.492144
11507.421350072,207,0.643667,1.837506,1.565881,0.006423,0.258849,4.304089
11507.871220418,208,1.100155,1.730455,1.54002,0.003918,0.183341,3.589735
11508.243688273,209,0.916423,0.743874,0.570352,0.003927,0.166187,4.101351
11508.675807777,210,1.844519,1.483048,1.288856,0.003857,0.186928,4.104928
11516.659003998,211,1.77511,1.798437,1.547363,0.004839,0.243138,3.657773
11552.841606547,212,0.99937,1.81019,1.557795,0.005541,0.243147,3.239613
11553.847677354,213,1.347172,1.853094,1.628534,0.007284,0.211314,3.338566
11553.8595776,214,0.85718,1.263247,1.051813,0.007645,0.196856,4.081364
11553.901204398,215,1.228899,1.52487,1.373012,0.00493,0.143642,3.59995
11553.908934086,216,1.326381,1.714512,1.502827,0.004749,0.204331,3.616072
11553.917201407,217,1.695685,1.268156,1.067834,0.007134,0.187708,3.871402
11553.930789152,218,1.086781,1.538487,1.213279,0.010651,0.307503,4.464615
11554.117322773,219,1.283237,1.613945,1.418823,0.004889,0.187177,4.103176
11554.164828589,220,1.657852,1.576301,1.373544,0.004559,0.194651,3.47309
11555.9090227,221,1.9022,1.618914,1.456997,0.005631,0.15305,3.464353
11558.995248753,222,0.492836,1.786041,1.563615,0.00989,0.205723,3.661997
11606.823420541,223,1.498107,1.609845,1.442709,0.004459,0.160022,4.103797
11607.15853015,224,1.367061,1.601298,1.38743,0.006022,0.204049,3.489036
11607.553103851,225,0.609681,1.660173,1.393292,0.009138,0.25064,3.679547
11607.876499894,226,1.646978,1.783734,1.531391,0.00499,0.243366,3.652605
11608.129369232,227,1.753626,1.963776,1.693889,0.006012,0.259517,4.539869
11608.384224767,228,1.323626,1.865133,1.628782,0.003827,0.23019,4.267827
11608.630926856,229,0.950457,0.935147,0.74207,0.003647,0.186795,3.346617
11608.902318262,230,0.785505,1.559787,1.416608,0.004749,0.135815,3.586114
11610.768756073,231,1.309658,1.901945,1.513596,0.008667,0.375844,3.394229
